id,original_label,n_sätze,repräsentant,anzahl_wörter,intra_kohärenz,satzlänge_avg,satzlänge_std,tiefe_avg,tiefe_std,tiefe_verteilung
1,1,89,""";;;$x0; ;;;$x0; ;;;$x0; ;;$x1;; ;;$x1;; ;;;$x0;""",512,0.1274360656426379,5.752808988764045,0.8384160946596687,4.258426966292135,0.4864013667845699,"3:2, 4:62, 5:25"
2,2,90,""";;;$x0; ;;;$x1; ;;;$x2; ;;;$x2; ;;;$x1; ;;;$x1; ;;;$x0;""",529,0.12173142798167239,5.877777777777778,0.9641090046460029,4.322222222222222,0.5339117234103983,"3:2, 4:58, 5:29, 6:1"
3,5,82,""";;$x0;; ;;;$x1; ;;;$x1; ;;$x0;$x2; ;;;$x2; ;;4;;""",471,0.11783370236020412,5.7439024390243905,0.9345792794119963,4.304878048780488,0.4603557582482165,"4:57, 5:25"
4,0,86,"""$x0;;;$x1; ;;$x2;; $x0;;;$x1; ;;$x2;;""",501,0.09737652695320607,5.825581395348837,0.9667959605942241,3.8488372093023258,0.5395398957265201,"3:20, 4:59, 5:7"
5,3,87,""";;$x0;$x1; ;;$x0;$x1; ;;$x2;$x3; ;;$x2;$x3; ;;4;;""",503,0.11388960067894426,5.781609195402299,0.8224617848275089,4.287356321839081,0.4772537814259009,"3:1, 4:60, 5:26"
6,4,86,""";;$x0;; ;;$x1;$x2; ;;$x0;$x2; ;;$x0;; ;;$x1;;""",494,0.12334172008989303,5.744186046511628,1.0136974287303895,4.337209302325581,0.4967444037975308,"4:58, 5:27, 6:1"
