Attribut Ngram Länge,Avg Silhouette,Median Silhouette,Avg Davies-Bouldin,Median Davies-Bouldin
2,0.31320735870743255,0.32674550805041336,0.9069723215840152,0.8445342053832502
3,0.17403105200177488,0.1818746101273292,1.1379115441344283,1.0621604597777403
4,0.14113166166374308,0.14234102315703462,1.2480396783851566,1.1591512123824286
5,0.12510083661317564,0.1262973128484649,1.3099100752174433,1.2490466050003923
6,0.11798676871666156,0.11826096778819853,1.327708182667108,1.2676555205736875
7,0.11399268581046773,0.11268466571384679,1.3192381640957884,1.2698934029869011
